rank,niche,city,cpc,difficulty,rationale
1,Water Damage Restoration,Dallas,250.79,18,Highest CPC in home services; low keyword difficulty
2,Flood Restoration,Chicago,151.79,22,High emergency intent and strong demand
3,Emergency Plumbing,Houston,82.82,25,Urgent need; high CPC and transactional intent
4,HVAC Repair Services,Phoenix,70.84,31,Seasonal demand; CPC around $70; moderate competition
5,Roof Leak Repair,Las Vegas,14.0,30,Emergency roof repair keywords cost $12–18
6,Garage Door Repair,Los Angeles,57.81,28,High conversion rate and mid‑level SEO difficulty
7,Pest Control,Miami,34.0,20,Average CPC $34 in competitive markets
8,Window Replacement,Orlando,40.53,27,High‑value home renovation term with good intent
9,Home Security Installation,San Francisco,45.54,32,Growing demand for smart home systems
10,Duct Cleaning Services,Charlotte,34.04,24,Seasonal service with CPC around $34
